{
  "results": [
    {
      "nombre": "Cobre",
      "isin": "GB00B15KXQ89",
      "pilar": "Escasez F\u00edsica",
      "n_train": 1306,
      "n_test": 560,
      "train_years": 5.2,
      "test_years": 5.0,
      "r": 0.06,
      "lam_orig": 8.326672684688674e-17,
      "K": 0.1,
      "gamma": 3.0999999999999983,
      "t0": 5.31,
      "lam_eff": 0.074,
      "rmse_base": 0.15040002515856427,
      "r2_base": 0.491629129515728,
      "hit_base": 0.5116279069767442,
      "rmse_exp": 0.15040002515856435,
      "r2_exp": 0.49162912951572757,
      "hit_exp": 0.5116279069767442,
      "rmse_log": 0.19673969413218748,
      "r2_log": 0.1301010161048074,
      "hit_log": 0.5116279069767442,
      "z_wilcoxon": -1.0982466379639586,
      "p_wilcoxon": 0.27209688593587344,
      "log_beats_base": false,
      "log_beats_exp": false
    },
    {
      "nombre": "Met. Prec.",
      "isin": "JE00B1VS3W29",
      "pilar": "Escasez F\u00edsica",
      "n_train": 1809,
      "n_test": 776,
      "train_years": 7.2,
      "test_years": 3.0,
      "r": 0.11,
      "lam_orig": 8.326672684688674e-17,
      "K": 0.1,
      "gamma": 0.3000000000000001,
      "t0": 6.96,
      "lam_eff": 0.007,
      "rmse_base": 0.6622115338288763,
      "r2_base": 0.15924319677502496,
      "hit_base": 0.552258064516129,
      "rmse_exp": 0.6622115338288761,
      "r2_exp": 0.15924319677502552,
      "hit_exp": 0.552258064516129,
      "rmse_log": 0.5930291518680928,
      "r2_log": 0.32573751873775125,
      "hit_log": 0.552258064516129,
      "z_wilcoxon": -13.948941487839376,
      "p_wilcoxon": 0.0,
      "log_beats_base": true,
      "log_beats_exp": true
    },
    {
      "nombre": "Rob\u00f3tica",
      "isin": "IE00BYZK4552",
      "pilar": "Autorrepl. IA",
      "n_train": 1666,
      "n_test": 714,
      "train_years": 6.6,
      "test_years": 2.8,
      "r": 0.16,
      "lam_orig": 0.005000000000000088,
      "K": 0.1,
      "gamma": 0.10000000000000003,
      "t0": 6.46,
      "lam_eff": 0.002,
      "rmse_base": 0.265195334086704,
      "r2_base": 0.184996940620215,
      "hit_base": 0.5315568022440392,
      "rmse_exp": 0.28666874583123086,
      "r2_exp": 0.04766844563685069,
      "hit_exp": 0.5315568022440392,
      "rmse_log": 0.3963705408298042,
      "r2_log": -0.8206657401536128,
      "hit_log": 0.5315568022440392,
      "z_wilcoxon": -19.310259907316247,
      "p_wilcoxon": 0.0,
      "log_beats_base": false,
      "log_beats_exp": false
    },
    {
      "nombre": "AI & Data",
      "isin": "IE00BGV5VN51",
      "pilar": "Autorrepl. IA",
      "n_train": 1268,
      "n_test": 544,
      "train_years": 5.0,
      "test_years": 2.1,
      "r": 0.15,
      "lam_orig": 0.005000000000000088,
      "K": 0.1,
      "gamma": 3.0999999999999983,
      "t0": 5.15,
      "lam_eff": 0.074,
      "rmse_base": 0.21810709803343328,
      "r2_base": 0.6096001968548803,
      "hit_base": 0.5377532228360957,
      "rmse_exp": 0.20734252747646595,
      "r2_exp": 0.6471852220431833,
      "hit_exp": 0.5377532228360957,
      "rmse_log": 0.2127145359488197,
      "r2_log": 0.6286663311885217,
      "hit_log": 0.5377532228360957,
      "z_wilcoxon": -1.3828441120230694,
      "p_wilcoxon": 0.166712780157378,
      "log_beats_base": true,
      "log_beats_exp": false
    },
    {
      "nombre": "MSCI World",
      "isin": "IE00B03HCZ61",
      "pilar": "Resiliencia",
      "n_train": 1457,
      "n_test": 625,
      "train_years": 5.7,
      "test_years": 2.4,
      "r": 0.1,
      "lam_orig": 0.005000000000000088,
      "K": 0.1,
      "gamma": 1.1,
      "t0": 5.79,
      "lam_eff": 0.026,
      "rmse_base": 0.2870975710437344,
      "r2_base": -0.6109927379542075,
      "hit_base": 0.5641025641025641,
      "rmse_exp": 0.27421396835287304,
      "r2_exp": -0.46964923830027683,
      "hit_exp": 0.5641025641025641,
      "rmse_log": 0.15431229487233186,
      "r2_log": 0.5345901117433152,
      "hit_log": 0.5641025641025641,
      "z_wilcoxon": -19.563608851471017,
      "p_wilcoxon": 0.0,
      "log_beats_base": true,
      "log_beats_exp": true
    },
    {
      "nombre": "Small-Cap",
      "isin": "IE00B42W4L06",
      "pilar": "Resiliencia",
      "n_train": 1457,
      "n_test": 625,
      "train_years": 5.7,
      "test_years": 2.4,
      "r": 0.07,
      "lam_orig": 8.326672684688674e-17,
      "K": 0.1,
      "gamma": 1.1,
      "t0": 5.79,
      "lam_eff": 0.026,
      "rmse_base": 0.19698790215035322,
      "r2_base": -0.6329105460966025,
      "hit_base": 0.5240384615384616,
      "rmse_exp": 0.19698790215035308,
      "r2_exp": -0.6329105460966,
      "hit_exp": 0.5240384615384616,
      "rmse_log": 0.10560416263171128,
      "r2_log": 0.5307056148543146,
      "hit_log": 0.5240384615384616,
      "z_wilcoxon": -17.525504572745977,
      "p_wilcoxon": 0.0,
      "log_beats_base": true,
      "log_beats_exp": true
    },
    {
      "nombre": "Bitcoin",
      "isin": "BTC-EUR",
      "pilar": "Escasez Digital",
      "n_train": 1584,
      "n_test": 679,
      "train_years": 4.3,
      "test_years": 1.9,
      "r": 0.59,
      "lam_orig": 0.015000000000000097,
      "K": 0.30000000000000004,
      "gamma": 0.05,
      "t0": 4.61,
      "lam_eff": 0.003,
      "rmse_base": 4.32715330222182,
      "r2_base": -1.964900297744105,
      "hit_base": 0.5029498525073747,
      "rmse_exp": 4.570864474799566,
      "r2_exp": -2.3082796987620497,
      "hit_exp": 0.5029498525073747,
      "rmse_log": 6.118538254116288,
      "r2_log": -4.927900286490993,
      "hit_log": 0.5029498525073747,
      "z_wilcoxon": -18.74381052498599,
      "p_wilcoxon": 0.0,
      "log_beats_base": false,
      "log_beats_exp": false
    },
    {
      "nombre": "Uranio",
      "isin": "IE000M7V94E1",
      "pilar": "Energ\u00eda/Grid",
      "n_train": 556,
      "n_test": 239,
      "train_years": 2.2,
      "test_years": 0.9,
      "r": 0.25,
      "lam_orig": 8.326672684688674e-17,
      "K": 0.1,
      "gamma": 2.7999999999999994,
      "t0": 2.45,
      "lam_eff": 0.067,
      "rmse_base": 1.0054641526124382,
      "r2_base": -3.791109330535134,
      "hit_base": 0.5294117647058824,
      "rmse_exp": 1.0054641526124382,
      "r2_exp": -3.791109330535134,
      "hit_exp": 0.5294117647058824,
      "rmse_log": 0.9194259442178653,
      "r2_log": -3.006234874916328,
      "hit_log": 0.5294117647058824,
      "z_wilcoxon": -13.393049785208344,
      "p_wilcoxon": 0.0,
      "log_beats_base": true,
      "log_beats_exp": true
    },
    {
      "nombre": "WisdomBTC",
      "isin": "GB00BJYDH287",
      "pilar": "Escasez Digital",
      "n_train": 1584,
      "n_test": 679,
      "train_years": 4.3,
      "test_years": 1.9,
      "r": 0.59,
      "lam_orig": 0.010000000000000092,
      "K": 0.2,
      "gamma": 0.05,
      "t0": 3.61,
      "lam_eff": 0.002,
      "rmse_base": 4.301762351445405,
      "r2_base": -2.0168179415809244,
      "hit_base": 0.5014749262536873,
      "rmse_exp": 4.461751871040787,
      "r2_exp": -2.2453915601494567,
      "hit_exp": 0.5014749262536873,
      "rmse_log": 5.4778809070068055,
      "r2_log": -3.8919436507020047,
      "hit_log": 0.5014749262536873,
      "z_wilcoxon": -17.88583641397803,
      "p_wilcoxon": 0.0,
      "log_beats_base": false,
      "log_beats_exp": false
    }
  ]
}